{"initial_reset_timestamp": 1521571425.5570679, "timestamps": [1521571432.6045663], "episode_lengths": [1375], "episode_rewards": [-19.0], "episode_types": ["t"]}